Built,n,prop
3.4.0,16,0.12403100775193798
3.4.1,32,0.24806201550387597
3.4.2,1,0.007751937984496124
3.4.3,80,0.6201550387596899
